Wind Power Multiplier (MW),Installed Solar (MW),Installed Battery (MW),Renewable Energy (%),Cost ($/MWh)
4.45,85000,0,0.979822139,52.00401555
4.45,85000,1,0.979822139,52.00401825
4.45,85000,0,0.979822139,52.00401555
4.45,85000,1,0.979822139,52.00401825
4.45025,85000,0,0.979823288,52.00422808
4.45025,85000,1,0.979823288,52.00423077
4.45025,85000,0,0.979823288,52.00422808
4.45025,85000,1,0.979823288,52.00423077
4.4505,85000,0,0.979824436,52.0044406
4.4505,85000,1,0.979824436,52.0044433
4.4505,85000,0,0.979824436,52.0044406
4.4505,85000,1,0.979824436,52.0044433
4.45075,85000,0,0.979825584,52.00465313
4.45075,85000,1,0.979825584,52.00465583
4.45075,85000,0,0.979825584,52.00465313
4.45075,85000,1,0.979825584,52.00465583
4.451,85000,0,0.979826733,52.00486566
4.451,85000,1,0.979826733,52.00486835
4.451,85000,0,0.979826733,52.00486566
4.451,85000,1,0.979826733,52.00486835
4.45125,85000,0,0.979827881,52.00507818
4.45125,85000,1,0.979827881,52.00508088
4.45125,85000,0,0.979827881,52.00507818
4.45125,85000,1,0.979827881,52.00508088
4.4515,85000,0,0.979829029,52.00529071
4.4515,85000,1,0.979829029,52.0052934
4.4515,85000,0,0.979829029,52.00529071
4.4515,85000,1,0.979829029,52.0052934
4.45175,85000,0,0.979830178,52.00550323
4.45175,85000,1,0.979830178,52.00550593
4.45175,85000,0,0.979830178,52.00550323
4.45175,85000,1,0.979830178,52.00550593
4.452,85000,0,0.979831326,52.00571576
4.452,85000,1,0.979831326,52.00571845
4.452,85000,0,0.979831326,52.00571576
4.452,85000,1,0.979831326,52.00571845
4.45225,85000,0,0.979832475,52.00592829
4.45225,85000,1,0.979832475,52.00593098
4.45225,85000,0,0.979832475,52.00592829
4.45225,85000,1,0.979832475,52.00593098
4.4525,85000,0,0.979833623,52.00614081
4.4525,85000,1,0.979833623,52.00614351
4.4525,85000,0,0.979833623,52.00614081
4.4525,85000,1,0.979833623,52.00614351
4.45275,85000,0,0.979834771,52.00635334
4.45275,85000,1,0.979834771,52.00635603
4.45275,85000,0,0.979834771,52.00635334
4.45275,85000,1,0.979834771,52.00635603
4.453,85000,0,0.97983592,52.00656586
4.453,85000,1,0.97983592,52.00656856
4.453,85000,0,0.97983592,52.00656586
4.453,85000,1,0.97983592,52.00656856
4.45325,85000,0,0.979837068,52.00677839
4.45325,85000,1,0.979837068,52.00678108
4.45325,85000,0,0.979837068,52.00677839
4.45325,85000,1,0.979837068,52.00678108
4.4535,85000,0,0.979838216,52.00699091
4.4535,85000,1,0.979838216,52.00699361
4.4535,85000,0,0.979838216,52.00699091
4.4535,85000,1,0.979838216,52.00699361
4.45375,85000,0,0.979839365,52.00720344
4.45375,85000,1,0.979839365,52.00720614
4.45375,85000,0,0.979839365,52.00720344
4.45375,85000,1,0.979839365,52.00720614
4.454,85000,0,0.979840513,52.00741597
4.454,85000,1,0.979840513,52.00741866
4.454,85000,0,0.979840513,52.00741597
4.454,85000,1,0.979840513,52.00741866
4.45425,85000,0,0.979841662,52.00762849
4.45425,85000,1,0.979841662,52.00763119
4.45425,85000,0,0.979841662,52.00762849
4.45425,85000,1,0.979841662,52.00763119
4.4545,85000,0,0.97984281,52.00784102
4.4545,85000,1,0.97984281,52.00784371
4.4545,85000,0,0.97984281,52.00784102
4.4545,85000,1,0.97984281,52.00784371
4.45475,85000,0,0.979843958,52.00805354
4.45475,85000,1,0.979843958,52.00805624
4.45475,85000,0,0.979843958,52.00805354
4.45475,85000,1,0.979843958,52.00805624
4.455,85000,0,0.979845107,52.00826607
4.455,85000,1,0.979845107,52.00826877
4.455,85000,0,0.979845107,52.00826607
4.455,85000,1,0.979845107,52.00826877
4.45525,85000,0,0.979846255,52.0084786
4.45525,85000,1,0.979846255,52.00848129
4.45525,85000,0,0.979846255,52.0084786
4.45525,85000,1,0.979846255,52.00848129
4.4555,85000,0,0.979847404,52.00869113
4.4555,85000,1,0.979847404,52.00869383
4.4555,85000,0,0.979847404,52.00869113
4.4555,85000,1,0.979847404,52.00869383
4.45575,85000,0,0.979848552,52.00890372
4.45575,85000,1,0.979848552,52.00890642
4.45575,85000,0,0.979848552,52.00890372
4.45575,85000,1,0.979848552,52.00890642
4.456,85000,0,0.9798497,52.00911631
4.456,85000,1,0.9798497,52.00911901
4.456,85000,0,0.9798497,52.00911631
4.456,85000,1,0.9798497,52.00911901
4.45625,85000,0,0.979850849,52.0093289
4.45625,85000,1,0.979850849,52.00933159
4.45625,85000,0,0.979850849,52.0093289
4.45625,85000,1,0.979850849,52.00933159
4.4565,85000,0,0.979851997,52.00954149
4.4565,85000,1,0.979851997,52.00954418
4.4565,85000,0,0.979851997,52.00954149
4.4565,85000,1,0.979851997,52.00954418
4.45675,85000,0,0.979853145,52.00975407
4.45675,85000,1,0.979853145,52.00975677
4.45675,85000,0,0.979853145,52.00975407
4.45675,85000,1,0.979853145,52.00975677
4.457,85000,0,0.979854294,52.00996666
4.457,85000,1,0.979854294,52.00996936
4.457,85000,0,0.979854294,52.00996666
4.457,85000,1,0.979854294,52.00996936
4.45725,85000,0,0.979855442,52.01017925
4.45725,85000,1,0.979855442,52.01018194
4.45725,85000,0,0.979855442,52.01017925
4.45725,85000,1,0.979855442,52.01018194
4.4575,85000,0,0.979856591,52.01039184
4.4575,85000,1,0.979856591,52.01039453
4.4575,85000,0,0.979856591,52.01039184
4.4575,85000,1,0.979856591,52.01039453
4.45775,85000,0,0.979857739,52.01060442
4.45775,85000,1,0.979857739,52.01060712
4.45775,85000,0,0.979857739,52.01060442
4.45775,85000,1,0.979857739,52.01060712
4.458,85000,0,0.979858887,52.01081701
4.458,85000,1,0.979858887,52.01081971
4.458,85000,0,0.979858887,52.01081701
4.458,85000,1,0.979858887,52.01081971
4.45825,85000,0,0.979860036,52.0110296
4.45825,85000,1,0.979860036,52.0110323
4.45825,85000,0,0.979860036,52.0110296
4.45825,85000,1,0.979860036,52.0110323
4.4585,85000,0,0.979861184,52.01124219
4.4585,85000,1,0.979861184,52.01124488
4.4585,85000,0,0.979861184,52.01124219
4.4585,85000,1,0.979861184,52.01124488
4.45875,85000,0,0.979862332,52.01145478
4.45875,85000,1,0.979862332,52.01145747
4.45875,85000,0,0.979862332,52.01145478
4.45875,85000,1,0.979862332,52.01145747
4.459,85000,0,0.979863481,52.01166736
4.459,85000,1,0.979863481,52.01167006
4.459,85000,0,0.979863481,52.01166736
4.459,85000,1,0.979863481,52.01167006
4.45925,85000,0,0.979864629,52.01187995
4.45925,85000,1,0.979864629,52.01188265
4.45925,85000,0,0.979864629,52.01187995
4.45925,85000,1,0.979864629,52.01188265
4.4595,85000,0,0.979865778,52.01209254
4.4595,85000,1,0.979865778,52.01209523
4.4595,85000,0,0.979865778,52.01209254
4.4595,85000,1,0.979865778,52.01209523
4.45975,85000,0,0.979866926,52.01230513
4.45975,85000,1,0.979866926,52.01230782
4.45975,85000,0,0.979866926,52.01230513
4.45975,85000,1,0.979866926,52.01230782
4.46,85000,0,0.979868074,52.01251771
4.46,85000,1,0.979868074,52.01252041
4.46,85000,0,0.979868074,52.01251771
4.46,85000,1,0.979868074,52.01252041
4.46025,85000,0,0.979869223,52.0127303
4.46025,85000,1,0.979869223,52.012733
4.46025,85000,0,0.979869223,52.0127303
4.46025,85000,1,0.979869223,52.012733
4.4605,85000,0,0.979870371,52.01294289
4.4605,85000,1,0.979870371,52.01294558
4.4605,85000,0,0.979870371,52.01294289
4.4605,85000,1,0.979870371,52.01294558
4.46075,85000,0,0.979871519,52.01315548
4.46075,85000,1,0.979871519,52.01315817
4.46075,85000,0,0.979871519,52.01315548
4.46075,85000,1,0.979871519,52.01315817
4.461,85000,0,0.979872668,52.01336806
4.461,85000,1,0.979872668,52.01337076
4.461,85000,0,0.979872668,52.01336806
4.461,85000,1,0.979872668,52.01337076
4.46125,85000,0,0.979873816,52.01358065
4.46125,85000,1,0.979873816,52.01358335
4.46125,85000,0,0.979873816,52.01358065
4.46125,85000,1,0.979873816,52.01358335
4.4615,85000,0,0.979874965,52.01379324
4.4615,85000,1,0.979874965,52.01379594
4.4615,85000,0,0.979874965,52.01379324
4.4615,85000,1,0.979874965,52.01379594
4.46175,85000,0,0.979876113,52.01400583
4.46175,85000,1,0.979876113,52.01400852
4.46175,85000,0,0.979876113,52.01400583
4.46175,85000,1,0.979876113,52.01400852
4.462,85000,0,0.979877261,52.01421842
4.462,85000,1,0.979877261,52.01422111
4.462,85000,0,0.979877261,52.01421842
4.462,85000,1,0.979877261,52.01422111
4.46225,85000,0,0.97987841,52.014431
4.46225,85000,1,0.97987841,52.0144337
4.46225,85000,0,0.97987841,52.014431
4.46225,85000,1,0.97987841,52.0144337
4.4625,85000,0,0.979879558,52.01464364
4.4625,85000,1,0.979879558,52.01464633
4.4625,85000,0,0.979879558,52.01464364
4.4625,85000,1,0.979879558,52.01464633
4.46275,85000,0,0.979880706,52.01485629
4.46275,85000,1,0.979880706,52.01485899
4.46275,85000,0,0.979880706,52.01485629
4.46275,85000,1,0.979880706,52.01485899
4.463,85000,0,0.979881855,52.01506894
4.463,85000,1,0.979881855,52.01507164
4.463,85000,0,0.979881855,52.01506894
4.463,85000,1,0.979881855,52.01507164
4.46325,85000,0,0.979883003,52.0152816
4.46325,85000,1,0.979883003,52.01528429
4.46325,85000,0,0.979883003,52.0152816
4.46325,85000,1,0.979883003,52.01528429
4.4635,85000,0,0.979884152,52.01549425
4.4635,85000,1,0.979884152,52.01549695
4.4635,85000,0,0.979884152,52.01549425
4.4635,85000,1,0.979884152,52.01549695
4.46375,85000,0,0.9798853,52.0157069
4.46375,85000,1,0.9798853,52.0157096
4.46375,85000,0,0.9798853,52.0157069
4.46375,85000,1,0.9798853,52.0157096
4.464,85000,0,0.979886448,52.01591956
4.464,85000,1,0.979886448,52.01592225
4.464,85000,0,0.979886448,52.01591956
4.464,85000,1,0.979886448,52.01592225
4.46425,85000,0,0.979887597,52.01613221
4.46425,85000,1,0.979887597,52.01613491
4.46425,85000,0,0.979887597,52.01613221
4.46425,85000,1,0.979887597,52.01613491
4.4645,85000,0,0.979888745,52.01634485
4.4645,85000,1,0.979888745,52.01634755
4.4645,85000,0,0.979888745,52.01634485
4.4645,85000,1,0.979888745,52.01634755
4.46475,85000,0,0.979889893,52.01655749
4.46475,85000,1,0.979889893,52.01656018
4.46475,85000,0,0.979889893,52.01655749
4.46475,85000,1,0.979889893,52.01656018
4.465,85000,0,0.979891041,52.01677012
4.465,85000,1,0.979891041,52.01677282
4.465,85000,0,0.979891041,52.01677012
4.465,85000,1,0.979891041,52.01677282
4.46525,85000,0,0.979892189,52.01698276
4.46525,85000,1,0.979892189,52.01698545
4.46525,85000,0,0.979892189,52.01698276
4.46525,85000,1,0.979892189,52.01698545
4.4655,85000,0,0.979893337,52.0171954
4.4655,85000,1,0.979893337,52.01719809
4.4655,85000,0,0.979893337,52.0171954
4.4655,85000,1,0.979893337,52.01719809
4.46575,85000,0,0.979894485,52.01740803
4.46575,85000,1,0.979894485,52.01741073
4.46575,85000,0,0.979894485,52.01740803
4.46575,85000,1,0.979894485,52.01741073
4.466,85000,0,0.979895633,52.01762067
4.466,85000,1,0.979895633,52.01762336
4.466,85000,0,0.979895633,52.01762067
4.466,85000,1,0.979895633,52.01762336
4.46625,85000,0,0.979896781,52.01783331
4.46625,85000,1,0.979896781,52.017836
4.46625,85000,0,0.979896781,52.01783331
4.46625,85000,1,0.979896781,52.017836
4.4665,85000,0,0.979897929,52.01804594
4.4665,85000,1,0.979897929,52.01804864
4.4665,85000,0,0.979897929,52.01804594
4.4665,85000,1,0.979897929,52.01804864
4.46675,85000,0,0.979899077,52.01825858
4.46675,85000,1,0.979899077,52.01826127
4.46675,85000,0,0.979899077,52.01825858
4.46675,85000,1,0.979899077,52.01826127
4.467,85000,0,0.979900225,52.01847121
4.467,85000,1,0.979900225,52.01847391
4.467,85000,0,0.979900225,52.01847121
4.467,85000,1,0.979900225,52.01847391
4.46725,85000,0,0.979901373,52.01868385
4.46725,85000,1,0.979901373,52.01868655
4.46725,85000,0,0.979901373,52.01868385
4.46725,85000,1,0.979901373,52.01868655
4.4675,85000,0,0.979902521,52.01889649
4.4675,85000,1,0.979902521,52.01889918
4.4675,85000,0,0.979902521,52.01889649
4.4675,85000,1,0.979902521,52.01889918
4.46775,85000,0,0.979903669,52.01910912
4.46775,85000,1,0.979903669,52.01911182
4.46775,85000,0,0.979903669,52.01910912
4.46775,85000,1,0.979903669,52.01911182
4.468,85000,0,0.979904817,52.01932176
4.468,85000,1,0.979904817,52.01932446
4.468,85000,0,0.979904817,52.01932176
4.468,85000,1,0.979904817,52.01932446
4.46825,85000,0,0.979905965,52.0195344
4.46825,85000,1,0.979905965,52.01953709
4.46825,85000,0,0.979905965,52.0195344
4.46825,85000,1,0.979905965,52.01953709
4.4685,85000,0,0.979907113,52.01974703
4.4685,85000,1,0.979907113,52.01974973
4.4685,85000,0,0.979907113,52.01974703
4.4685,85000,1,0.979907113,52.01974973
4.46875,85000,0,0.979908261,52.01995967
4.46875,85000,1,0.979908261,52.01996236
4.46875,85000,0,0.979908261,52.01995967
4.46875,85000,1,0.979908261,52.01996236
4.469,85000,0,0.979909409,52.02017231
4.469,85000,1,0.979909409,52.020175
4.469,85000,0,0.979909409,52.02017231
4.469,85000,1,0.979909409,52.020175
4.46925,85000,0,0.979910557,52.02038494
4.46925,85000,1,0.979910557,52.02038764
4.46925,85000,0,0.979910557,52.02038494
4.46925,85000,1,0.979910557,52.02038764
4.4695,85000,0,0.979911706,52.02059758
4.4695,85000,1,0.979911706,52.02060027
4.4695,85000,0,0.979911706,52.02059758
4.4695,85000,1,0.979911706,52.02060027
4.46975,85000,0,0.979912854,52.02081022
4.46975,85000,1,0.979912854,52.02081291
4.46975,85000,0,0.979912854,52.02081022
4.46975,85000,1,0.979912854,52.02081291
4.47,85000,0,0.979914002,52.02102285
4.47,85000,1,0.979914002,52.02102555
4.47,85000,0,0.979914002,52.02102285
4.47,85000,1,0.979914002,52.02102555
4.47025,85000,0,0.97991515,52.02123549
4.47025,85000,1,0.97991515,52.02123818
4.47025,85000,0,0.97991515,52.02123549
4.47025,85000,1,0.97991515,52.02123818
4.4705,85000,0,0.979916298,52.02144812
4.4705,85000,1,0.979916298,52.02145082
4.4705,85000,0,0.979916298,52.02144812
4.4705,85000,1,0.979916298,52.02145082
4.47075,85000,0,0.979917446,52.02166076
4.47075,85000,1,0.979917446,52.02166346
4.47075,85000,0,0.979917446,52.02166076
4.47075,85000,1,0.979917446,52.02166346
4.471,85000,0,0.979918594,52.0218734
4.471,85000,1,0.979918594,52.02187609
4.471,85000,0,0.979918594,52.0218734
4.471,85000,1,0.979918594,52.02187609
4.47125,85000,0,0.979919742,52.02208607
4.47125,85000,1,0.979919742,52.02208876
4.47125,85000,0,0.979919742,52.02208607
4.47125,85000,1,0.979919742,52.02208876
4.4715,85000,0,0.97992089,52.02229878
4.4715,85000,1,0.97992089,52.02230148
4.4715,85000,0,0.97992089,52.02229878
4.4715,85000,1,0.97992089,52.02230148
4.47175,85000,0,0.979922038,52.02251154
4.47175,85000,1,0.979922038,52.02251423
4.47175,85000,0,0.979922038,52.02251154
4.47175,85000,1,0.979922038,52.02251423
4.472,85000,0,0.979923186,52.02272432
4.472,85000,1,0.979923186,52.02272702
4.472,85000,0,0.979923186,52.02272432
4.472,85000,1,0.979923186,52.02272702
4.47225,85000,0,0.979924334,52.02293714
4.47225,85000,1,0.979924334,52.02293983
4.47225,85000,0,0.979924334,52.02293714
4.47225,85000,1,0.979924334,52.02293983
4.4725,85000,0,0.979925482,52.02314995
4.4725,85000,1,0.979925482,52.02315264
4.4725,85000,0,0.979925482,52.02314995
4.4725,85000,1,0.979925482,52.02315264
4.47275,85000,0,0.97992663,52.02336276
4.47275,85000,1,0.97992663,52.02336545
4.47275,85000,0,0.97992663,52.02336276
4.47275,85000,1,0.97992663,52.02336545
4.473,85000,0,0.979927778,52.02357557
4.473,85000,1,0.979927778,52.02357827
4.473,85000,0,0.979927778,52.02357557
4.473,85000,1,0.979927778,52.02357827
4.47325,85000,0,0.979928926,52.02378838
4.47325,85000,1,0.979928926,52.02379108
4.47325,85000,0,0.979928926,52.02378838
4.47325,85000,1,0.979928926,52.02379108
4.4735,85000,0,0.979930074,52.02400119
4.4735,85000,1,0.979930074,52.02400389
4.4735,85000,0,0.979930074,52.02400119
4.4735,85000,1,0.979930074,52.02400389
4.47375,85000,0,0.979931222,52.024214
4.47375,85000,1,0.979931222,52.0242167
4.47375,85000,0,0.979931222,52.024214
4.47375,85000,1,0.979931222,52.0242167
4.474,85000,0,0.97993237,52.02442682
4.474,85000,1,0.97993237,52.02442951
4.474,85000,0,0.97993237,52.02442682
4.474,85000,1,0.97993237,52.02442951
4.47425,85000,0,0.979933518,52.02463963
4.47425,85000,1,0.979933518,52.02464232
4.47425,85000,0,0.979933518,52.02463963
4.47425,85000,1,0.979933518,52.02464232
4.4745,85000,0,0.979934666,52.02485244
4.4745,85000,1,0.979934666,52.02485513
4.4745,85000,0,0.979934666,52.02485244
4.4745,85000,1,0.979934666,52.02485513
4.47475,85000,0,0.979935814,52.02506525
4.47475,85000,1,0.979935814,52.02506794
4.47475,85000,0,0.979935814,52.02506525
4.47475,85000,1,0.979935814,52.02506794
4.475,85000,0,0.979936962,52.02527806
4.475,85000,1,0.979936962,52.02528076
4.475,85000,0,0.979936962,52.02527806
4.475,85000,1,0.979936962,52.02528076
4.47525,85000,0,0.97993811,52.02549087
4.47525,85000,1,0.97993811,52.02549357
4.47525,85000,0,0.97993811,52.02549087
4.47525,85000,1,0.97993811,52.02549357
4.4755,85000,0,0.979939258,52.02570368
4.4755,85000,1,0.979939258,52.02570638
4.4755,85000,0,0.979939258,52.02570368
4.4755,85000,1,0.979939258,52.02570638
4.47575,85000,0,0.979940406,52.02591649
4.47575,85000,1,0.979940406,52.02591919
4.47575,85000,0,0.979940406,52.02591649
4.47575,85000,1,0.979940406,52.02591919
4.476,85000,0,0.979941554,52.02612931
4.476,85000,1,0.979941554,52.026132
4.476,85000,0,0.979941554,52.02612931
4.476,85000,1,0.979941554,52.026132
4.47625,85000,0,0.979942702,52.02634212
4.47625,85000,1,0.979942702,52.02634481
4.47625,85000,0,0.979942702,52.02634212
4.47625,85000,1,0.979942702,52.02634481
4.4765,85000,0,0.97994385,52.02655493
4.4765,85000,1,0.97994385,52.02655762
4.4765,85000,0,0.97994385,52.02655493
4.4765,85000,1,0.97994385,52.02655762
4.47675,85000,0,0.979944999,52.02676774
4.47675,85000,1,0.979944999,52.02677043
4.47675,85000,0,0.979944999,52.02676774
4.47675,85000,1,0.979944999,52.02677043
4.477,85000,0,0.979946147,52.02698055
4.477,85000,1,0.979946147,52.02698325
4.477,85000,0,0.979946147,52.02698055
4.477,85000,1,0.979946147,52.02698325
4.47725,85000,0,0.979947295,52.02719336
4.47725,85000,1,0.979947295,52.02719606
4.47725,85000,0,0.979947295,52.02719336
4.47725,85000,1,0.979947295,52.02719606
4.4775,85000,0,0.979948443,52.02740617
4.4775,85000,1,0.979948443,52.02740887
4.4775,85000,0,0.979948443,52.02740617
4.4775,85000,1,0.979948443,52.02740887
4.47775,85000,0,0.979949591,52.02761898
4.47775,85000,1,0.979949591,52.02762168
4.47775,85000,0,0.979949591,52.02761898
4.47775,85000,1,0.979949591,52.02762168
4.478,85000,0,0.979950739,52.0278318
4.478,85000,1,0.979950739,52.02783449
4.478,85000,0,0.979950739,52.0278318
4.478,85000,1,0.979950739,52.02783449
4.47825,85000,0,0.979951887,52.02804461
4.47825,85000,1,0.979951887,52.0280473
4.47825,85000,0,0.979951887,52.02804461
4.47825,85000,1,0.979951887,52.0280473
4.4785,85000,0,0.979953035,52.02825742
4.4785,85000,1,0.979953035,52.02826011
4.4785,85000,0,0.979953035,52.02825742
4.4785,85000,1,0.979953035,52.02826011
4.47875,85000,0,0.979954183,52.02847023
4.47875,85000,1,0.979954183,52.02847293
4.47875,85000,0,0.979954183,52.02847023
4.47875,85000,1,0.979954183,52.02847293
4.479,85000,0,0.979955331,52.02868304
4.479,85000,1,0.979955331,52.02868574
4.479,85000,0,0.979955331,52.02868304
4.479,85000,1,0.979955331,52.02868574
4.47925,85000,0,0.979956479,52.02889585
4.47925,85000,1,0.979956479,52.02889855
4.47925,85000,0,0.979956479,52.02889585
4.47925,85000,1,0.979956479,52.02889855
4.4795,85000,0,0.979957627,52.02910866
4.4795,85000,1,0.979957627,52.02911136
4.4795,85000,0,0.979957627,52.02910866
4.4795,85000,1,0.979957627,52.02911136
4.47975,85000,0,0.979958775,52.02932147
4.47975,85000,1,0.979958775,52.02932417
4.47975,85000,0,0.979958775,52.02932147
4.47975,85000,1,0.979958775,52.02932417
4.48,85000,0,0.979959923,52.02953429
4.48,85000,1,0.979959923,52.02953698
4.48,85000,0,0.979959923,52.02953429
4.48,85000,1,0.979959923,52.02953698
4.48025,85000,0,0.979961071,52.0297471
4.48025,85000,1,0.979961071,52.02974979
4.48025,85000,0,0.979961071,52.0297471
4.48025,85000,1,0.979961071,52.02974979
4.4805,85000,0,0.979962219,52.02995991
4.4805,85000,1,0.979962219,52.0299626
4.4805,85000,0,0.979962219,52.02995991
4.4805,85000,1,0.979962219,52.0299626
4.48075,85000,0,0.979963367,52.03017272
4.48075,85000,1,0.979963367,52.03017542
4.48075,85000,0,0.979963367,52.03017272
4.48075,85000,1,0.979963367,52.03017542
4.481,85000,0,0.979964515,52.03038553
4.481,85000,1,0.979964515,52.03038823
4.481,85000,0,0.979964515,52.03038553
4.481,85000,1,0.979964515,52.03038823
4.48125,85000,0,0.979965663,52.03059834
4.48125,85000,1,0.979965663,52.03060104
4.48125,85000,0,0.979965663,52.03059834
4.48125,85000,1,0.979965663,52.03060104
4.4815,85000,0,0.979966811,52.03081119
4.4815,85000,1,0.979966811,52.03081389
4.4815,85000,0,0.979966811,52.03081119
4.4815,85000,1,0.979966811,52.03081389
4.48175,85000,0,0.979967959,52.03102406
4.48175,85000,1,0.979967959,52.03102676
4.48175,85000,0,0.979967959,52.03102406
4.48175,85000,1,0.979967959,52.03102676
4.482,85000,0,0.979969107,52.03123693
4.482,85000,1,0.979969107,52.03123963
4.482,85000,0,0.979969107,52.03123693
4.482,85000,1,0.979969107,52.03123963
4.48225,85000,0,0.979970255,52.0314498
4.48225,85000,1,0.979970255,52.0314525
4.48225,85000,0,0.979970255,52.0314498
4.48225,85000,1,0.979970255,52.0314525
4.4825,85000,0,0.979971403,52.03166267
4.4825,85000,1,0.979971403,52.03166537
4.4825,85000,0,0.979971403,52.03166267
4.4825,85000,1,0.979971403,52.03166537
4.48275,85000,0,0.979972551,52.03187554
4.48275,85000,1,0.979972551,52.03187824
4.48275,85000,0,0.979972551,52.03187554
4.48275,85000,1,0.979972551,52.03187824
4.483,85000,0,0.979973699,52.03208841
4.483,85000,1,0.979973699,52.03209111
4.483,85000,0,0.979973699,52.03208841
4.483,85000,1,0.979973699,52.03209111
4.48325,85000,0,0.979974847,52.03230128
4.48325,85000,1,0.979974847,52.03230398
4.48325,85000,0,0.979974847,52.03230128
4.48325,85000,1,0.979974847,52.03230398
4.4835,85000,0,0.979975995,52.03251415
4.4835,85000,1,0.979975995,52.03251685
4.4835,85000,0,0.979975995,52.03251415
4.4835,85000,1,0.979975995,52.03251685
4.48375,85000,0,0.979977144,52.03272702
4.48375,85000,1,0.979977144,52.03272972
4.48375,85000,0,0.979977144,52.03272702
4.48375,85000,1,0.979977144,52.03272972
4.484,85000,0,0.979978292,52.03293989
4.484,85000,1,0.979978292,52.03294259
4.484,85000,0,0.979978292,52.03293989
4.484,85000,1,0.979978292,52.03294259
4.48425,85000,0,0.97997944,52.03315276
4.48425,85000,1,0.97997944,52.03315546
4.48425,85000,0,0.97997944,52.03315276
4.48425,85000,1,0.97997944,52.03315546
4.4845,85000,0,0.979980588,52.03336563
4.4845,85000,1,0.979980588,52.03336833
4.4845,85000,0,0.979980588,52.03336563
4.4845,85000,1,0.979980588,52.03336833
4.48475,85000,0,0.979981736,52.03357851
4.48475,85000,1,0.979981736,52.0335812
4.48475,85000,0,0.979981736,52.03357851
4.48475,85000,1,0.979981736,52.0335812
4.485,85000,0,0.979982884,52.03379138
4.485,85000,1,0.979982884,52.03379407
4.485,85000,0,0.979982884,52.03379138
4.485,85000,1,0.979982884,52.03379407
4.48525,85000,0,0.979984032,52.03400425
4.48525,85000,1,0.979984032,52.03400694
4.48525,85000,0,0.979984032,52.03400425
4.48525,85000,1,0.979984032,52.03400694
4.4855,85000,0,0.97998518,52.03421712
4.4855,85000,1,0.97998518,52.03421981
4.4855,85000,0,0.97998518,52.03421712
4.4855,85000,1,0.97998518,52.03421981
4.48575,85000,0,0.979986328,52.03442999
4.48575,85000,1,0.979986328,52.03443268
4.48575,85000,0,0.979986328,52.03442999
4.48575,85000,1,0.979986328,52.03443268
4.486,85000,0,0.979987476,52.03464286
4.486,85000,1,0.979987476,52.03464555
4.486,85000,0,0.979987476,52.03464286
4.486,85000,1,0.979987476,52.03464555
4.48625,85000,0,0.979988624,52.03485573
4.48625,85000,1,0.979988624,52.03485842
4.48625,85000,0,0.979988624,52.03485573
4.48625,85000,1,0.979988624,52.03485842
4.4865,85000,0,0.979989772,52.0350686
4.4865,85000,1,0.979989772,52.03507129
4.4865,85000,0,0.979989772,52.0350686
4.4865,85000,1,0.979989772,52.03507129
4.48675,85000,0,0.97999092,52.03528152
4.48675,85000,1,0.97999092,52.03528421
4.48675,85000,0,0.97999092,52.03528152
4.48675,85000,1,0.97999092,52.03528421
4.487,85000,0,0.979992068,52.03549444
4.487,85000,1,0.979992068,52.03549714
4.487,85000,0,0.979992068,52.03549444
4.487,85000,1,0.979992068,52.03549714
4.48725,85000,0,0.979993216,52.03570737
4.48725,85000,1,0.979993216,52.03571006
4.48725,85000,0,0.979993216,52.03570737
4.48725,85000,1,0.979993216,52.03571006
4.4875,85000,0,0.979994364,52.03592029
4.4875,85000,1,0.979994364,52.03592299
4.4875,85000,0,0.979994364,52.03592029
4.4875,85000,1,0.979994364,52.03592299
4.48775,85000,0,0.979995512,52.03613322
4.48775,85000,1,0.979995512,52.03613591
4.48775,85000,0,0.979995512,52.03613322
4.48775,85000,1,0.979995512,52.03613591
4.488,85000,0,0.97999666,52.03634614
4.488,85000,1,0.97999666,52.03634884
4.488,85000,0,0.97999666,52.03634614
4.488,85000,1,0.97999666,52.03634884
4.48825,85000,0,0.979997808,52.03655907
4.48825,85000,1,0.979997808,52.03656176
4.48825,85000,0,0.979997808,52.03655907
4.48825,85000,1,0.979997808,52.03656176
4.4885,85000,0,0.979998956,52.03677199
4.4885,85000,1,0.979998956,52.03677469
4.4885,85000,0,0.979998956,52.03677199
4.4885,85000,1,0.979998956,52.03677469
4.48875,85000,0,0.980000104,52.03698492
4.48875,85000,0,0.980000104,52.03698492
4.48875,85000,1,0.980000104,52.03698761
4.48875,85000,1,0.980000104,52.03698761
4.489,85000,0,0.980001252,52.03719784
4.489,85000,0,0.980001252,52.03719784
4.489,85000,1,0.980001252,52.03720054
4.489,85000,1,0.980001252,52.03720054
4.48925,85000,0,0.9800024,52.03741077
4.48925,85000,0,0.9800024,52.03741077
4.48925,85000,1,0.9800024,52.03741346
4.48925,85000,1,0.9800024,52.03741346
4.4895,85000,0,0.980003548,52.03762369
4.4895,85000,0,0.980003548,52.03762369
4.4895,85000,1,0.980003548,52.03762639
4.4895,85000,1,0.980003548,52.03762639
4.48975,85000,0,0.980004696,52.03783662
4.48975,85000,0,0.980004696,52.03783662
4.48975,85000,1,0.980004696,52.03783931
4.48975,85000,1,0.980004696,52.03783931
4.49,85000,0,0.980005844,52.03804954
4.49,85000,0,0.980005844,52.03804954
4.49,85000,1,0.980005844,52.03805224
4.49,85000,1,0.980005844,52.03805224
4.49025,85000,0,0.980006992,52.03826247
4.49025,85000,0,0.980006992,52.03826247
4.49025,85000,1,0.980006992,52.03826516
4.49025,85000,1,0.980006992,52.03826516
4.4905,85000,0,0.98000814,52.03847539
4.4905,85000,0,0.98000814,52.03847539
4.4905,85000,1,0.98000814,52.03847809
4.4905,85000,1,0.98000814,52.03847809
4.49075,85000,0,0.980009288,52.03868837
4.49075,85000,0,0.980009288,52.03868837
4.49075,85000,1,0.980009288,52.03869106
4.49075,85000,1,0.980009288,52.03869106
4.491,85000,0,0.980010437,52.03890135
4.491,85000,0,0.980010437,52.03890135
4.491,85000,1,0.980010437,52.03890405
4.491,85000,1,0.980010437,52.03890405
4.49125,85000,0,0.980011584,52.03911434
4.49125,85000,0,0.980011584,52.03911434
4.49125,85000,1,0.980011584,52.03911703
4.49125,85000,1,0.980011584,52.03911703
4.4915,85000,0,0.980012732,52.03932729
4.4915,85000,0,0.980012732,52.03932729
4.4915,85000,1,0.980012732,52.03932998
4.4915,85000,1,0.980012732,52.03932998
4.49175,85000,0,0.980013879,52.03954024
4.49175,85000,0,0.980013879,52.03954024
4.49175,85000,1,0.980013879,52.03954294
4.49175,85000,1,0.980013879,52.03954294
4.492,85000,0,0.980015026,52.03975318
4.492,85000,0,0.980015026,52.03975318
4.492,85000,1,0.980015026,52.03975587
4.492,85000,1,0.980015026,52.03975587
4.49225,85000,0,0.980016173,52.03996611
4.49225,85000,0,0.980016173,52.03996611
4.49225,85000,1,0.980016173,52.03996881
4.49225,85000,1,0.980016173,52.03996881
4.4925,85000,0,0.98001732,52.04017904
4.4925,85000,0,0.98001732,52.04017904
4.4925,85000,1,0.98001732,52.04018174
4.4925,85000,1,0.98001732,52.04018174
4.49275,85000,0,0.980018467,52.04039198
4.49275,85000,0,0.980018467,52.04039198
4.49275,85000,1,0.980018467,52.04039467
4.49275,85000,1,0.980018467,52.04039467
4.493,85000,0,0.980019614,52.04060491
4.493,85000,0,0.980019614,52.04060491
4.493,85000,1,0.980019614,52.0406076
4.493,85000,1,0.980019614,52.0406076
4.49325,85000,0,0.980020761,52.04081784
4.49325,85000,0,0.980020761,52.04081784
4.49325,85000,1,0.980020761,52.04082054
4.49325,85000,1,0.980020761,52.04082054
4.4935,85000,0,0.980021908,52.04103078
4.4935,85000,0,0.980021908,52.04103078
4.4935,85000,1,0.980021908,52.04103347
4.4935,85000,1,0.980021908,52.04103347
4.49375,85000,0,0.980023055,52.04124371
4.49375,85000,0,0.980023055,52.04124371
4.49375,85000,1,0.980023055,52.0412464
4.49375,85000,1,0.980023055,52.0412464
4.494,85000,0,0.980024202,52.0414567
4.494,85000,0,0.980024202,52.0414567
4.494,85000,1,0.980024202,52.04145939
4.494,85000,1,0.980024202,52.04145939
4.49425,85000,0,0.980025349,52.04166969
4.49425,85000,0,0.980025349,52.04166969
4.49425,85000,1,0.980025349,52.04167239
4.49425,85000,1,0.980025349,52.04167239
4.4945,85000,0,0.980026496,52.04188269
4.4945,85000,0,0.980026496,52.04188269
4.4945,85000,1,0.980026496,52.04188538
4.4945,85000,1,0.980026496,52.04188538
4.49475,85000,0,0.980027643,52.04209568
4.49475,85000,0,0.980027643,52.04209568
4.49475,85000,1,0.980027643,52.04209838
4.49475,85000,1,0.980027643,52.04209838
4.495,85000,0,0.98002879,52.04230868
4.495,85000,0,0.98002879,52.04230868
4.495,85000,1,0.98002879,52.04231137
4.495,85000,1,0.98002879,52.04231137
4.49525,85000,0,0.980029937,52.04252167
4.49525,85000,0,0.980029937,52.04252167
4.49525,85000,1,0.980029937,52.04252437
4.49525,85000,1,0.980029937,52.04252437
4.4955,85000,0,0.980031084,52.04273466
4.4955,85000,0,0.980031084,52.04273466
4.4955,85000,1,0.980031084,52.04273736
4.4955,85000,1,0.980031084,52.04273736
4.49575,85000,0,0.980032231,52.04294766
4.49575,85000,0,0.980032231,52.04294766
4.49575,85000,1,0.980032231,52.04295035
4.49575,85000,1,0.980032231,52.04295035
4.496,85000,0,0.980033378,52.04316066
4.496,85000,0,0.980033378,52.04316066
4.496,85000,1,0.980033378,52.04316335
4.496,85000,1,0.980033378,52.04316335
4.49625,85000,0,0.980034525,52.04337366
4.49625,85000,0,0.980034525,52.04337366
4.49625,85000,1,0.980034525,52.04337635
4.49625,85000,1,0.980034525,52.04337635
4.4965,85000,0,0.980035672,52.04358665
4.4965,85000,0,0.980035672,52.04358665
4.4965,85000,1,0.980035672,52.04358935
4.4965,85000,1,0.980035672,52.04358935
4.49675,85000,0,0.980036819,52.04379965
4.49675,85000,0,0.980036819,52.04379965
4.49675,85000,1,0.980036819,52.04380235
4.49675,85000,1,0.980036819,52.04380235
4.497,85000,0,0.980037965,52.04401265
4.497,85000,0,0.980037965,52.04401265
4.497,85000,1,0.980037965,52.04401535
4.497,85000,1,0.980037965,52.04401535
4.49725,85000,0,0.980039112,52.04422565
4.49725,85000,0,0.980039112,52.04422565
4.49725,85000,1,0.980039112,52.04422834
4.49725,85000,1,0.980039112,52.04422834
4.4975,85000,0,0.980040259,52.04443865
4.4975,85000,0,0.980040259,52.04443865
4.4975,85000,1,0.980040259,52.04444134
4.4975,85000,1,0.980040259,52.04444134
4.49775,85000,0,0.980041406,52.04465165
4.49775,85000,0,0.980041406,52.04465165
4.49775,85000,1,0.980041406,52.04465434
4.49775,85000,1,0.980041406,52.04465434
4.498,85000,0,0.980042553,52.04486464
4.498,85000,0,0.980042553,52.04486464
4.498,85000,1,0.980042553,52.04486734
4.498,85000,1,0.980042553,52.04486734
4.49825,85000,0,0.9800437,52.04507764
4.49825,85000,0,0.9800437,52.04507764
4.49825,85000,1,0.9800437,52.04508034
4.49825,85000,1,0.9800437,52.04508034
4.4985,85000,0,0.980044847,52.04529064
4.4985,85000,0,0.980044847,52.04529064
4.4985,85000,1,0.980044847,52.04529334
4.4985,85000,1,0.980044847,52.04529334
4.49875,85000,0,0.980045994,52.04550364
4.49875,85000,0,0.980045994,52.04550364
4.49875,85000,1,0.980045994,52.04550633
4.49875,85000,1,0.980045994,52.04550633
4.499,85000,0,0.980047141,52.04571664
4.499,85000,0,0.980047141,52.04571664
4.499,85000,1,0.980047141,52.04571933
4.499,85000,1,0.980047141,52.04571933
4.49925,85000,0,0.980048288,52.04592963
4.49925,85000,0,0.980048288,52.04592963
4.49925,85000,1,0.980048288,52.04593233
4.49925,85000,1,0.980048288,52.04593233
4.4995,85000,0,0.980049435,52.04614263
4.4995,85000,0,0.980049435,52.04614263
4.4995,85000,1,0.980049435,52.04614533
4.4995,85000,1,0.980049435,52.04614533
4.49975,85000,0,0.980050582,52.04635563
4.49975,85000,0,0.980050582,52.04635563
4.49975,85000,1,0.980050582,52.04635833
4.49975,85000,1,0.980050582,52.04635833
4.5,85000,0,0.980051729,52.04656863
4.5,85000,0,0.980051729,52.04656863
4.5,85000,1,0.980051729,52.04657132
4.5,85000,1,0.980051729,52.04657132
4.45,84000.0,0.0,0.9798221391897332,52.00421970222606
4.45,84000.0,200.0,0.9798221391897332,52.005152280213935
4.45,84000.0,400.0,0.9798221391897332,52.00618137234213
4.45,84000.0,600.0,0.9798221391897332,52.007254249890146
4.45,84000.0,800.0,0.9798221391897332,52.00846360465612
4.45,84000.0,1000.0,0.9798221391897332,52.00968871433253
4.45,84200.0,0.0,0.9798221391897332,52.004178034530824
4.45,84200.0,200.0,0.9798221391897332,52.0051106125187
4.45,84200.0,400.0,0.9798221391897332,52.006139704646884
4.45,84200.0,600.0,0.9798221391897332,52.00721258219491
4.45,84200.0,800.0,0.9798221391897332,52.00842193696088
4.45,84200.0,1000.0,0.9798221391897332,52.00964704663729
4.45,84400.0,0.0,0.9798221391897332,52.004136819636116
4.45,84400.0,200.0,0.9798221391897332,52.00506939762399
4.45,84400.0,400.0,0.9798221391897332,52.00609848975218
4.45,84400.0,600.0,0.9798221391897332,52.0071713673002
4.45,84400.0,800.0,0.9798221391897332,52.00838072206618
4.45,84400.0,1000.0,0.9798221391897332,52.00960583174259
4.45,84600.0,0.0,0.9798221391897332,52.00409598268772
4.45,84600.0,200.0,0.9798221391897332,52.0050285606756
4.45,84600.0,400.0,0.9798221391897332,52.00605765280378
4.45,84600.0,600.0,0.9798221391897332,52.00713053035181
4.45,84600.0,800.0,0.9798221391897332,52.00833988511778
4.45,84600.0,1000.0,0.9798221391897332,52.0095649947942
4.45,84800.0,0.0,0.9798221391897332,52.00405563382305
4.45,84800.0,200.0,0.9798221391897332,52.00498821181093
4.45,84800.0,400.0,0.9798221391897332,52.00601730393912
4.45,84800.0,600.0,0.9798221391897332,52.007090181487136
4.45,84800.0,800.0,0.9798221391897332,52.00829953625311
4.45,84800.0,1000.0,0.9798221391897332,52.009524645929524
4.45,85000.0,0.0,0.9798221391897334,52.004015553012366
4.45,85000.0,200.0,0.9798221391897332,52.00494813100023
4.45,85000.0,400.0,0.9798221391897332,52.00597722312842
4.45,85000.0,600.0,0.979822139189733,52.007050100676445
4.45,85000.0,800.0,0.9798221391897332,52.00825945544241
4.45,85000.0,1000.0,0.9798221391897332,52.009484565118825
4.46,84000.0,0.0,0.9798680743095175,52.01272167449954
4.46,84000.0,200.0,0.9798680743095175,52.013638654391016
4.46,84000.0,400.0,0.9798680743095175,52.0146677465192
4.46,84000.0,600.0,0.9798680743095175,52.01572974019285
4.46,84000.0,800.0,0.9798680743095175,52.016917871158796
4.46,84000.0,1000.0,0.9798680743095175,52.01814298083521
4.46,84200.0,0.0,0.9798680743095175,52.01268008129098
4.46,84200.0,200.0,0.9798680743095175,52.01359706118245
4.46,84200.0,400.0,0.9798680743095175,52.01462615331064
4.46,84200.0,600.0,0.9798680743095175,52.015688146984296
4.46,84200.0,800.0,0.9798680743095175,52.01687627795024
4.46,84200.0,1000.0,0.9798680743095175,52.01810138762665
4.46,84400.0,0.0,0.9798680743095175,52.01263895337906
4.46,84400.0,200.0,0.9798680743095175,52.01355593327054
4.46,84400.0,400.0,0.9798680743095175,52.01458502539872
4.46,84400.0,600.0,0.9798680743095175,52.01564701907238
4.46,84400.0,800.0,0.9798680743095175,52.01683515003832
4.46,84400.0,1000.0,0.9798680743095175,52.01806025971473
4.46,84600.0,0.0,0.9798680743095175,52.01259811643065
4.46,84600.0,200.0,0.9798680743095175,52.01351509632213
4.46,84600.0,400.0,0.9798680743095175,52.01454418845032
4.46,84600.0,600.0,0.9798680743095175,52.015606182123975
4.46,84600.0,800.0,0.9798680743095175,52.01679431308991
4.46,84600.0,1000.0,0.9798680743095175,52.01801942276633
4.46,84800.0,0.0,0.9798680743095175,52.0125577945184
4.46,84800.0,200.0,0.9798680743095175,52.013474774409886
4.46,84800.0,400.0,0.9798680743095175,52.01450386653807
4.46,84800.0,600.0,0.9798680743095173,52.01556586021172
4.46,84800.0,800.0,0.9798680743095175,52.016753991177666
4.46,84800.0,1000.0,0.9798680743095175,52.01797910085408
4.46,85000.0,0.0,0.9798680743095175,52.012517713707716
4.46,85000.0,200.0,0.9798680743095175,52.0134346935992
4.46,85000.0,400.0,0.9798680743095175,52.014463785727386
4.46,85000.0,600.0,0.9798680743095175,52.01552577940104
4.46,85000.0,800.0,0.9798680743095175,52.01671391036698
4.46,85000.0,1000.0,0.9798680743095175,52.01793902004339
4.47,84000.0,0.0,0.9799140015886,52.021226698276145
4.47,84000.0,200.0,0.9799140015885998,52.02212808007122
4.47,84000.0,400.0,0.9799140015885998,52.023157172199404
4.47,84000.0,600.0,0.9799140015885998,52.02420720390218
4.47,84000.0,800.0,0.9799140015885998,52.025372493923314
4.47,84000.0,1000.0,0.9799140015885998,52.026597603599726
4.47,84200.0,0.0,0.9799140015886,52.02118510506757
4.47,84200.0,200.0,0.9799140015886,52.02208648686265
4.47,84200.0,400.0,0.9799140015886,52.02311557899083
4.47,84200.0,600.0,0.9799140015886,52.02416561069361
4.47,84200.0,800.0,0.9799140015886,52.02533090071474
4.47,84200.0,1000.0,0.9799140015886,52.026556010391154
4.47,84400.0,0.0,0.9799140015885998,52.02114406413843
4.47,84400.0,200.0,0.9799140015885998,52.02204544593351
4.47,84400.0,400.0,0.9799140015885998,52.0230745380617
4.47,84400.0,600.0,0.9799140015885998,52.02412456976447
4.47,84400.0,800.0,0.9799140015885998,52.02528985978561
4.47,84400.0,1000.0,0.9799140015885998,52.02651496946202
4.47,84600.0,0.0,0.9799140015885998,52.02110322719003
4.47,84600.0,200.0,0.9799140015885995,52.022004608985114
4.47,84600.0,400.0,0.9799140015885995,52.0230337011133
4.47,84600.0,600.0,0.9799140015885998,52.024083732816074
4.47,84600.0,800.0,0.9799140015885998,52.02524902283721
4.47,84600.0,1000.0,0.9799140015885998,52.02647413251362
4.47,84800.0,0.0,0.9799140015885998,52.02106293223019
4.47,84800.0,200.0,0.9799140015885998,52.02196431402527
4.47,84800.0,400.0,0.9799140015885998,52.022993406153454
4.47,84800.0,600.0,0.9799140015885998,52.02404343785623
4.47,84800.0,800.0,0.9799140015885998,52.02520872787736
4.47,84800.0,1000.0,0.9799140015885998,52.026433837553775
4.47,85000.0,0.0,0.9799140015885998,52.02102285141952
4.47,85000.0,200.0,0.9799140015885998,52.02192423321459
4.47,85000.0,400.0,0.9799140015885998,52.022953325342776
4.47,85000.0,600.0,0.9799140015885998,52.02400335704556
4.47,85000.0,800.0,0.9799140015885998,52.025168647066685
4.47,85000.0,1000.0,0.9799140015885998,52.0263937567431
4.48,84000.0,0.0,0.9799599229871555,52.02973801911653
4.48,84000.0,200.0,0.9799599229871555,52.03062078414497
4.48,84000.0,400.0,0.9799599229871555,52.031649876273164
4.48,84000.0,600.0,0.9799599229871555,52.03268794600504
4.48,84000.0,800.0,0.9799599229871555,52.03382814087958
4.48,84000.0,1000.0,0.9799599229871555,52.03505325055599
4.48,84200.0,0.0,0.9799599229871555,52.02969642590797
4.48,84200.0,200.0,0.9799599229871555,52.03057919093641
4.48,84200.0,400.0,0.9799599229871555,52.03160828306459
4.48,84200.0,600.0,0.9799599229871555,52.03264635279648
4.48,84200.0,800.0,0.9799599229871555,52.033786547671006
4.48,84200.0,1000.0,0.9799599229871555,52.03501165734742
4.48,84400.0,0.0,0.9799599229871555,52.02965547196162
4.48,84400.0,200.0,0.9799599229871555,52.030538236990054
4.48,84400.0,400.0,0.9799599229871555,52.03156732911824
4.48,84400.0,600.0,0.9799599229871555,52.03260539885013
4.48,84400.0,800.0,0.9799599229871555,52.03374559372465
4.48,84400.0,1000.0,0.9799599229871555,52.034970703401065
4.48,84600.0,0.0,0.9799599229871556,52.02961463501323
4.48,84600.0,200.0,0.9799599229871556,52.03049740004167
4.48,84600.0,400.0,0.9799599229871556,52.03152649216985
4.48,84600.0,600.0,0.9799599229871556,52.032564561901744
4.48,84600.0,800.0,0.9799599229871555,52.03370475677627
4.48,84600.0,1000.0,0.9799599229871555,52.03492986645268
4.48,84800.0,0.0,0.9799599229871555,52.02957436700579
4.48,84800.0,200.0,0.9799599229871555,52.03045713203423
4.48,84800.0,400.0,0.9799599229871555,52.031486224162414
4.48,84800.0,600.0,0.9799599229871555,52.03252429389431
4.48,84800.0,800.0,0.9799599229871555,52.033664488768835
4.48,84800.0,1000.0,0.9799599229871555,52.03488959844525
4.48,85000.0,0.0,0.9799599229871553,52.0295342861951
4.48,85000.0,200.0,0.9799599229871555,52.03041705122355
4.48,85000.0,400.0,0.9799599229871555,52.03144614335174
4.48,85000.0,600.0,0.9799599229871553,52.03248421308362
4.48,85000.0,800.0,0.9799599229871555,52.03362440795815
4.48,85000.0,1000.0,0.9799599229871555,52.03484951763456
4.49,84000.0,0.0,0.9800058443857114,52.03825316229908
4.49,84000.0,200.0,0.9800058443857114,52.03911447320685
4.49,84000.0,400.0,0.9800058443857114,52.040143565335036
4.49,84000.0,600.0,0.9800058443857114,52.04117265746322
4.49,84000.0,800.0,0.9800058443857114,52.04229677399835
4.49,84000.0,1000.0,0.9800058443857114,52.04350966198063
4.49,84200.0,0.0,0.9800058443857114,52.03821156909052
4.49,84200.0,200.0,0.9800058443857114,52.03907287999829
4.49,84200.0,400.0,0.9800058443857114,52.04010197212647
4.49,84200.0,600.0,0.9800058443857114,52.041131064254664
4.49,84200.0,800.0,0.9800058443857111,52.04225518078979
4.49,84200.0,1000.0,0.9800058443857114,52.04346806877207
4.49,84400.0,0.0,0.9800058443857114,52.038170702126955
4.49,84400.0,200.0,0.9800058443857114,52.039032013034735
4.49,84400.0,400.0,0.9800058443857114,52.04006110516292
4.49,84400.0,600.0,0.9800058443857114,52.04109019729111
4.49,84400.0,800.0,0.9800058443857114,52.042214313826236
4.49,84400.0,1000.0,0.9800058443857114,52.04342720180851
4.49,84600.0,0.0,0.9800058443857114,52.038129865178554
4.49,84600.0,200.0,0.9800058443857114,52.038991176086334
4.49,84600.0,400.0,0.9800058443857114,52.04002026821452
4.49,84600.0,600.0,0.9800058443857114,52.04104936034271
4.49,84600.0,800.0,0.9800058443857114,52.042173476877835
4.49,84600.0,1000.0,0.9800058443857114,52.04338636486012
4.49,84800.0,0.0,0.9800058443857116,52.03808962412354
4.49,84800.0,200.0,0.9800058443857114,52.03895093503132
4.49,84800.0,400.0,0.9800058443857114,52.03998002715951
4.49,84800.0,600.0,0.9800058443857114,52.04100911928769
4.49,84800.0,800.0,0.9800058443857114,52.04213323582282
4.49,84800.0,1000.0,0.9800058443857113,52.04334612380509
4.49,85000.0,0.0,0.9800058443857114,52.03804954331286
4.49,85000.0,200.0,0.9800058443857116,52.038910854220646
4.49,85000.0,400.0,0.9800058443857116,52.03993994634883
4.49,85000.0,600.0,0.9800058443857116,52.040969038477016
4.49,85000.0,800.0,0.9800058443857114,52.04209315501215
4.49,85000.0,1000.0,0.9800058443857116,52.04330604299442
4.5,84000.0,0.0,0.9800517290309768,52.046772066568316
4.5,84000.0,200.0,0.9800517290309768,52.047609306521174
4.5,84000.0,400.0,0.9800517290309768,52.04863839864936
4.5,84000.0,600.0,0.9800517290309768,52.04966749077755
4.5,84000.0,800.0,0.9800517290309768,52.050777783175086
4.5,84000.0,1000.0,0.9800517290309768,52.051965355491014
4.5,84200.0,0.0,0.9800517290309767,52.046730530449814
4.5,84200.0,200.0,0.9800517290309767,52.04756777040268
4.5,84200.0,400.0,0.9800517290309767,52.048596862530864
4.5,84200.0,600.0,0.9800517290309767,52.04962595465905
4.5,84200.0,800.0,0.9800517290309767,52.05073624705659
4.5,84200.0,1000.0,0.9800517290309768,52.05192381937252
4.5,84400.0,0.0,0.9800517290309768,52.04668969337896
4.5,84400.0,200.0,0.9800517290309768,52.04752693333182
4.5,84400.0,400.0,0.9800517290309768,52.04855602546
4.5,84400.0,600.0,0.9800517290309768,52.04958511758819
4.5,84400.0,800.0,0.9800517290309768,52.05069540998573
4.5,84400.0,1000.0,0.9800517290309768,52.051882982301656
4.5,84600.0,0.0,0.9800517290309768,52.04664885643058
4.5,84600.0,200.0,0.9800517290309768,52.04748609638344
4.5,84600.0,400.0,0.9800517290309768,52.04851518851163
4.5,84600.0,600.0,0.9800517290309768,52.049544280639815
4.5,84600.0,800.0,0.9800517290309766,52.05065457303735
4.5,84600.0,1000.0,0.9800517290309768,52.05184214535328
4.5,84800.0,0.0,0.9800517290309768,52.04660864232794
4.5,84800.0,200.0,0.9800517290309768,52.0474458822808
4.5,84800.0,400.0,0.9800517290309768,52.04847497440898
4.5,84800.0,600.0,0.9800517290309768,52.04950406653717
4.5,84800.0,800.0,0.9800517290309768,52.050614358934716
4.5,84800.0,1000.0,0.9800517290309768,52.051801931250644
4.5,85000.0,0.0,0.9800517290309768,52.04656862975588
4.5,85000.0,200.0,0.9800517290309768,52.04740586970875
4.5,85000.0,400.0,0.9800517290309768,52.04843496183693
4.5,85000.0,600.0,0.9800517290309768,52.04946405396512
4.5,85000.0,800.0,0.9800517290309768,52.05057434636266
4.5,85000.0,1000.0,0.9800517290309768,52.05176191867859
